author_id,created_at,text
12350668,2025-08-12T11:27:00.095282+00:00,I first read The Perks of Being a Wallflower my senior year of last year and believe me when I say you will absolutely fall in love with this book. To me I think of it as a work of art. Each page flows brilliantly into the next and by the f
49471923,2025-08-12T11:27:00.546956+00:00,"Another excellent wrestling book (along with Ric Flair's, The Death of WCW and the Tag-Teams). It's always interesting to find out about a promotion I knew little about, since I was a NY east coast fan with basically the WWWF as my wrestlin"
30224180,2025-08-12T11:27:00.644437+00:00,"Really enjoyed the book.  \\""Folly and Glory\\"", in my opinion, is better than Book 3, \\""By Sorrow's River\\"" and equals \\""Sin Killer\\"" and \\""Wandering Hill\\"" in its emotional intensity and character development."
35320107,2025-08-12T11:27:00.815572+00:00,"I agree with the reviewer who found this macabre.  Normally I like Jan Brett's work a lot, but I don't think that death should be portrayed as cute and funny, nor do I think that young children should be given the impression that death is a"
12075843,2025-08-12T11:27:00.986205+00:00,I read a book by an author that was on Dr. Phil and I was surprised that his advice contradicted that of my child's doctor. Our behaviorist's strategies worked much better. Much of what is in this book is what we did; I picked it up and I l
32698845,2025-08-12T11:27:01.775529+00:00,This was my first Kaye Pyke book and it is well loved as well as used. I was lucky to attend one of her courses many years ago now but the skills are easy to obtain through the instructions in this book. This book has been an inspiration fo
16359124,2025-08-12T11:27:02.254593+00:00,"When i first meet PVP webcomic i fell in love with all the staff, i could easily identify myself with every one of them in diferent levels, then i became a complete fanboy of Kurtz's work. <br /> <br />This PVP Volume is as good as the firs"
28694499,2025-08-12T11:27:02.586611+00:00,"From my perspective as a full time graduate student also working part-time, the most significant achievement of Kelley's The Complete Idiot's Guide to Algebra is its ability to be digested in a matter of weeks.  One can realistically work t"
51405907,2025-08-12T11:27:02.803482+00:00,"This is a fantastic book of all you ever wanted to know about weeds! I am sure that the editorial information already written tells you far more about the specs of the book than I would ever wish to type. Weeds are so diverse, and there is"
52588841,2025-08-12T11:27:03.287384+00:00,"We've now purchased 3 copies of this book - the original for my grandchildren, a copy for a friend's child, and now one for my granddaughter's kindergarten class library.  Every kid in our sphere absolutely LOVES this book!  I read it to my"
29789925,2025-08-12T11:27:03.611943+00:00,"I read this book for the first time in my 4th grade Tier 4 class and still remember how I felt when I read the last lines.  Chills went out all over my body and I was so upset that there wasn't more to the book!  Now, 13 years later, I stil"
16131453,2025-08-12T11:27:03.729664+00:00,One of the great things about Shakespeare is that you can put one of his plays in any era and it will fit.  One of the great things about Grace Tiffany's books is that she is true to Shakespeare while bringing him to life from a new perspec
34103408,2025-08-12T11:27:03.828170+00:00,"If you are new to digital recording and loops and want to get the most from your acid pro software, then this book will get you going and having fun. Not exhaustive by any means, but rather practical and approachable, especially if you are"
12080245,2025-08-12T11:27:04.411831+00:00,"A good practical book which try to address real world image and video compression designs, but it is inaccurate, typos, ...."
51330742,2025-08-12T11:27:04.754214+00:00,"As mentioned below, this book is filled with typos. Sometimes it is just annoying, such as when the heading reads \\""Kaplan's basic principles for success on Antonyms are:\\"" in a section about Analogies. Other times, it's downright dangero"
29547017,2025-08-12T11:27:05.562542+00:00,This is a revealing and inspiring story of Mary McCarran who entered the convent in 1925. The book offers the reader deep insights into the inner workings of convent life. Each step to becoming a professed religious is detailed in this biog
12082856,2025-08-12T11:27:05.716709+00:00,"I am glad to write a review for this book.  Linde Grace White has a gift for writing.  Her down-to-earth, humorous narrative will pull you in and leave you amazed at the resilience of her spirit.  Many people will benefit from reading this"
52966690,2025-08-12T11:27:05.846507+00:00,"As much as I enjoy an occasional high-concept Spenser story (Spenser gets shot and has to work hard to get better in \\""Small Vices\\"", Spenser and all his underworld friends team up to fight a gang in \\""Potshot\\"", Hawk gets shot and Spen"
48738317,2025-08-12T11:27:05.946914+00:00,I've come to the conclusion that all of Salvatore's creations leave as many questions unanswered as ends tied up.  LOL!  At least he keeps his details fairly straight.  But I suspect it'll be another year before we hear anything else from D
18310246,2025-08-12T11:27:06.034911+00:00,"Thank you soo much for this wonderful book!!  It came in Great shape, a decent time frame, and priced reasonable.  This is definately a book I will cheris for years to come.  A must-have for any volkswagon owner."
24282851,2025-08-12T11:27:06.167077+00:00,"I had read The Mermaid Chair first and enjoyed it for the most part - made me so glad to have continued my career vice giving it up for husband and children.  I was eager to read The Secret Life of Bees, but it was hard to come by at the li"
48707535,2025-08-12T11:27:06.259550+00:00,"I hightly recommend this book. An easy, quick read that could change your life."
36642996,2025-08-12T11:27:06.390324+00:00,"Ruth Rendell is one of those writers who always gets it right. Her new novel titled 13 STEPS DOWN is a chilling story of obsession, superstition, hatred, guilt, fantasy lives and murder. Mix Cellini is a disenfranchised young man who makes"
34503981,2025-08-12T11:27:06.487950+00:00,"This is a powerful first book by a current Wallace Stegner Fellow at Stanford University. It's grounded in urban imagery, peopled by vibrant characters and written by a poet with a keen eye for detail. Importantly, the poet also paid close"
31423413,2025-08-12T11:27:06.599800+00:00,"I was in the process of re-wiring my house, and the thought of having to figure out <br />the wiring had me going bonkers.  I wanted to make sure that the re-wire job was <br />done in a clean, thought out manner. <br /> <br />I came across"
43106182,2025-08-12T11:27:06.753739+00:00,"I did enjoy this book, but there were parts where I lost interest.  Kuralt gives a lot of detail about the people he meets, but sometimes I didn't get as many details as I would have liked about the actual place he visited.  In all, it is a"
49516108,2025-08-12T11:27:06.848675+00:00,"As the CEO of a London based business who relies on good communication with FTSE 100 Executives, I read just about all there is on communication. This book stood out in several ways:  <br /> <br />1. It is short and easy to read. <br />2. I"
30201228,2025-08-12T11:27:06.937230+00:00,"This is without question the best printed information for woodturning that I have encountered. This book, along with the companion volumes are a must have for beginner woodturners. It is very well illustrated throughout and the written desc"
16405380,2025-08-12T11:27:07.031608+00:00,I can't believe The Last Midnight and Moment in the Woods aren't in this book...the two biggest female solos in the show!!!
51325595,2025-08-12T11:27:07.126096+00:00,"Excellent preparation for the GMAT verbal section.  Provides a general english usage refresher, how to select the correct answers to tricky questions and how to spot common tricks used by the test creators fool the test taker into answering"
51860774,2025-08-12T11:27:07.213230+00:00,"My brother and I are in the process of probating my Mom's estate with the assistance of this excellent book by Nissley.  It hops around a little bit, but all the information is between the covers.  So far we have had zero problems.  We have"
12076254,2025-08-12T11:27:07.313028+00:00,"Oh Tony, dear Tony (or perhaps you prefer Spino?)Have you nothing better to do than spend time reading what seem to be very good reviews of your daughter's book and then trying to discredit them? I must confess, I have yet to read her book,"
12078868,2025-08-12T11:27:07.423446+00:00,"Having been a fan of the Professional Bullriders for 6 years, nothing has given me more insight as to a behind the scenes look into the goings-on in The PBR than Josh's book! And he does it in a way that doesn't play into the hand of any on"
49148452,2025-08-12T11:27:07.583363+00:00,"It's funny, but I think we can say that the picture-book-superhero-genre is still in its infancy.  There's, \\""Kapow\\"", of course and \\""The Adventures of Sparrowboy\\"", but these are stories of ordinary kids being super.  Far more difficu"
50600650,2025-08-12T11:27:07.671912+00:00,"I found this book to be helpful overall, however, it was missing any discussion of what I have found to be a key mental health issue with elders and that is hoarding. There was a not a single mention of hoarding and from my experience in th"
12086929,2025-08-12T11:27:07.764208+00:00,"Like a Guilty Thing is an engrossing book that I would highly recommend.  I was surprised at how many topics it managed to include, thinking when I got it that it was simply a historical novel.  It is a good contrast of modern adult relatio"
51054788,2025-08-12T11:27:07.854833+00:00,The most damaging misinformation about gifted children is that taking no action will cause no harm.  Education administrators are too scared to risk placing bright kids in an environment that will challenge them and allow them to LEARN rath
50389115,2025-08-12T11:27:07.966555+00:00,"Most of us manage heterogeneous networks and need good references  when swithcing between Windows and Unix platforms. This book not only provides an excellent compilation of scripts, but also points out many useful tools found in resource k"
21535627,2025-08-12T11:27:08.059142+00:00,"I really learned loads from this well written book. Bryan Peterson wrote the book in a manner that I (the beginner) could easily understand and digest. He also set in a few exercises that really helped me get over some question \\""humps'. I"
12085045,2025-08-12T11:27:08.178787+00:00,I was very impressed with Nico Deswerts artist view of flowers. The book makes a great gift for both those you appricate flowers and those who love art.
33554074,2025-08-12T11:27:08.276527+00:00,How do you tell if you are getting the us or uk version if you're purchasing the book online?
30663178,2025-08-12T11:27:08.382300+00:00,"This book is fantastic if you need help with grammar, but be warned, you will get nothing but grammar out of this book. Do not order this book unless you need help with grammar. In the event that you do need help with grammar, this book wil"
44001474,2025-08-12T11:27:08.538945+00:00,"I having truly become addicted to Jaid Black's writing!  Talk about keeping me up all night!  I have read the entire \\""Trek\\"" series and can hardly wait for more to come.  This was a great story and pure entertainment...just what I like a"
16682344,2025-08-12T11:27:08.750791+00:00,"I was very much looking forward to reading this book. I've been a big Red Sox and Johnny Damon fan for a long time. Now, I don't think so much of Johnny. I figured, with the book being billed as a narrative on his baseball life, that it wou"
44395932,2025-08-12T11:27:08.955178+00:00,"This book arrived at our library last week, and I was immediately blown away by it! Faith McNulty and Steven Kellogg have done a great job of showing and telling children what a trip to the moon would really be like. <br /> <br />One thing"
50978194,2025-08-12T11:27:09.110378+00:00,"As usual with Orson, this is a very thoughtful and complex book. I think this is probably my favorite of the Shadow sub-series but definitely not my favorite Orson Scott Card book.<br /><br />I find his exploration of the political future o"
12262358,2025-08-12T11:27:09.194592+00:00,"As a professional advertising copywriter and English major, I have all the authoritative books on grammar, punctuation and usage, but \\""The Handbook of Good English\\"" is my go-to source. (My major professor turned me on to it years ago; I"
12082837,2025-08-12T11:27:09.296319+00:00,I gave this book 4 stars.  I believe this was a decent book because John Holt tries to find all the different problems that go on in classrooms.  Students and teachers can get a lot out of reading this book.  Students can read this book and
51814288,2025-08-12T11:27:09.442981+00:00,Excellent series for learning languages. The books are small enough so that you can take it anywhere with you. The CD helps you to be able to understand the spoken language. I love it. You can learn at your own pace!I use the book and CD at
12183786,2025-08-12T11:27:09.587527+00:00,"You will be very unhappy with this book. Here is an example of why: Recipe for \\""Mac and Cheese\\"" <br /> <br />1 box macaroni and cheese. <br />1 stick butter <br />1/2 cup milk. <br /> <br />Are you kidding me!!!"
12274587,2025-08-12T11:27:09.696765+00:00,Great book.  Fantastic pictures.  Some chapters are rather small - otherwise no complaints.
16953014,2025-08-12T11:27:09.785405+00:00,"I must say, I have not been at all impressed with the CSI novels.  I think they are poorly written and predictable.  I have not enjoyed one thus far.  CSI has a good show and a GREAT computer game series, but not a good set of novels in any"
40347396,2025-08-12T11:27:10.127456+00:00,"Robert Kaplan in his book \\""Imperial Grunts,\\"" wants the military to assume a greater role in decision making and have no constraints imposed by civilians. Isabel Hull exposes the flaw of this approach in her book. Accroding to Hull, Germ"
32371281,2025-08-12T11:27:10.213426+00:00,"I originally bought this because R. Hyrum Savage himself told me it might be useful to my player who was playing a Hearthom character in an online game.  This is the first RPG book I've read that has actually made me hate a \\""villain\\"" sp"
13936772,2025-08-12T11:27:10.343332+00:00,"This new translation lifts the book to a higher level - there is very little about Verne's writing that can be described as dated or boring. Even that redoutable master of brilliant and modern-reading prose, Wilkie Collins, cannot keep up w"
51387894,2025-08-12T11:27:10.464951+00:00,"This book has a ton of info and I'm building a router table and doors for my tool shed based off of the author's instructions. Why do I then only give it three stars? The author explains everything very well. HOWEVER, for someone that's nev"
12402421,2025-08-12T11:27:10.580865+00:00,"I used the 3 glowing reviews on this product to make my decision in purchasing it. Before I gripe, I'll try to find some nice things to say. I was very impressed with the production quality of the book and the detailed information in the bi"
31115146,2025-08-12T11:27:10.699025+00:00,"From the back cover: <br /> <br />Once Upon A Christmas by Curtiss Ann Matlock <br />Rancher Monroe Locket didn't want the responsibility of a widowed mail-order bride, but even he didn't have the heart to ship Olivia Pritchett and her two"
53083398,2025-08-12T11:27:10.927812+00:00,"The Curse of Chalion is one of the best fantasy novels of the latest years. It belongs to that rare category, which also contains Tolkien's Lord of the Rings, C.S.Lewis' Perelandra, Miller's Canticle for Leibowitz, or Anderson's Orbit unlim"
47231926,2025-08-12T11:27:11.026322+00:00,"I have read and re-read this book a number of times over the years, and recommended it to my friends.  It has lots of practical parenting advice, especially for parents of younger kids but really for all ages.  From a Christian perspective."
15446808,2025-08-12T11:27:11.175764+00:00,Hi.  I grew up in Houston and lived in NY for about 3 years.  Let me just say it straight:  The Yankees is a cult for social club zombies.  There is no such thing as the Yankees.  There is only such thing as other teams' MVPs.  (Kinda like
42220781,2025-08-12T11:27:11.333055+00:00,"I had heard some hoop-la about this book over at the Marvel website and decided to check it out. And, man, am I glad I did. This book was fresh and hot. I'm not going to give anything away, but the suspense of the story actually had me gues"
21765554,2025-08-12T11:27:11.584442+00:00,This book is for anyone interested in how their cultural heritage enriches their lives.  It is a meaningful book regardless of whether you're from Detroit or whether you're Italian.
52117048,2025-08-12T11:27:11.834218+00:00,As an adult reader of this book I admired the author's skill in crafting and revealing a protagonist with such a unique outlook (and one that evidently rings true for many people). The plot is artfully devised to convey some very interestin
51617399,2025-08-12T11:27:11.929819+00:00,"Ever since reading Philip Pullman's \\""His Dark Materials\\"", I practically dive at any book he writes and it's been a while since he's written anything, so I did a full swan dive for this book.<br /><br />\\""The Scarecrow and His Servant\\"
30178423,2025-08-12T11:27:12.025959+00:00,If you haven't been upset at our current tax system before you read this book you definitely will be after.  Considering how long this plan has been in front of the Congress and how great an alternative it is to our current system it really
12080726,2025-08-12T11:27:12.110863+00:00,"As a retired physician (Pediatrics and Adolescent Medicine), I have always delighted in books that speak to children of all ages and to the child within each of us. Such a book is Barbara Meislin's colorful, thougtful and poignant \\""No One"
42185718,2025-08-12T11:27:12.217437+00:00,Lance Armstrong was a very brave man.  It gave me insight into my own son's cancer.  He gave me courage to face my own health challenges.  I recommend the book to everyone.
27357571,2025-08-12T11:27:12.323621+00:00,Mountford's prose sets vivid scenes and her historical research on the ponies is evident. She skillfully weaves history and modern-day questions to give us a mystery that keeps us reading and is not soon forgotten.
27516229,2025-08-12T11:27:12.418105+00:00,"The Stupidest Angel is well written and easy to read in all the right ways. This novel keeps the reader connected with pop culture through references to video games, television, and movies all masked thinly by title alterations (I especiall"
46546184,2025-08-12T11:27:12.502647+00:00,"For anyone who loves Disney and the Disney Parks, you will not be able to put this book down. It is wonderfull!!!!"
15289248,2025-08-12T11:27:12.646248+00:00,"I suffered from PPD 17 years ago.  It was easily the most frightening thing I've ever experienced.  No one understood what was happening to me, least of all myself. I was so pleased that Marie was willing to share her story and help others"
52003305,2025-08-12T11:27:12.948221+00:00,"As a \\""Strong\\"" black women\\"" under 40, I found that this book brought to my attention several ideas and beliefs that are true and actual about black women and men in American society.  This book should be mandatory reading for almost ev"
12076891,2025-08-12T11:27:13.074316+00:00,"This book is very informative and helpful!  I have two children who have ADD, sometimes you just feel like you are the only one in such a difficult situation.  Dr. Ashley's book not only gives answers and great advice on alternatives to Med"
26132341,2025-08-12T11:27:13.225634+00:00,"Dean Koontz doesn't get enough respect.  This is an epic novel about family and love and the evils of the world.  As expected for a Koontz novel, the writing is beautiful and smooth and it pulls you along even if you wanted to stop for some"
21924524,2025-08-12T11:27:13.495464+00:00,"This giant, 5 lb, small-print guide is not exactly a book you nestle down with in your reading chair.  Let the buyer beware: if you are a person who cannot or does not like to read really, really FINE PRINT, then this guide is probably not"
49865122,2025-08-12T11:27:13.780401+00:00,My family just came back from the Smokies a month ago and I happened to bring back this little book. One thing you should know about me is that I try to buy a couple of books on the region of the country that we are visiting. This was one o
33669661,2025-08-12T11:27:13.988523+00:00,"The good parts of this book were based on plot and descriptions.  Pi's creativity and strong will keeps the reader entranced and often surprised.  Even in Part I, when the novel seems to be random tidbits about Pi's life, the little descrip"
34055129,2025-08-12T11:27:14.281407+00:00,"Yes, this book's title is a bit misleading indeed. And in an online shop a customer can't simply flip through the volume to correct the first impression. That's why I'm writing this review: <br /> <br />In my opinion Harold Davis' book is n"
50930118,2025-08-12T11:27:14.441304+00:00,I got this boook from local library and have read about 80 of 520 pages.   <br /> <br />There is a wealth of information in this book as to the man Andrew Carnegie and how he formed his character / the relationships in his upbringing and ge
13156447,2025-08-12T11:27:14.644974+00:00,"rodger did nothing, david makes floyd FLOYD. Lets not get crazy with the rodger talk. i suggest practicing bends and whammy bar pulls before looking at this"
12083267,2025-08-12T11:27:14.849078+00:00,Recently I came across this review of Van Halen 101 by well respected music journalist Ken Sharp. This gentleman is the real deal. A true professional who has even written an authorized book on Kiss. Here is Ken's review as it appeared a fe
12144985,2025-08-12T11:27:14.964857+00:00,"David Carson has done an excellent job of sharing the life of an apprentice, and the experiences that come with earning the title of \\""Shaman\\"".  This book is a treasure, a deep walk with Spirit. David shares his knowledge and experiences"
51291964,2025-08-12T11:27:15.145171+00:00,I am sure this is a great book for folks selling radio advertising.
12082186,2025-08-12T11:27:15.355964+00:00,"I know the author personally though he may not remember me; hopefully that does not exclude me from 'objectively' reviewing this. First, I don't find it hard to believe that he wrote it, not at all, but I am stunned by the incredible detail"
23488951,2025-08-12T11:27:15.521082+00:00,This book treats only the partial differential equations <br />in Finance and how to treat them using Finite Differences  <br />and Tree.  For this purpose it is very well written and <br />understandable. A very good beginning for student.
16953014,2025-08-12T11:27:15.678649+00:00,"This is a great book!!  The variety in this book is excellent: logic, number, words, trivia, mazes, creative thinking...  there are so many different types of puzzles here its impossible to put down.  Every page is in color and excitingly d"
37924220,2025-08-12T11:27:15.830033+00:00,I HAVE THE ENCYCLOPEDIA OF TV GAME SHOWS BOOK ITS GREAT IT GIVE YOU GREAT INFORMATION OF ALL THE GAME SHOWS AND IT BRINGS BACK SO GREAT MEMORIES I GIVE IT A 10!<br /><br />ANYONE WHO LIKES GAME SHOWS WILL LOVE THIS BOOK!<br /><br />FROM KIR
19164035,2025-08-12T11:27:15.923676+00:00,"This novel tells the story of Davy, Nikki, James, Jody and Branch, a group of street kids living in a squat in Portland, getting by on \\""slither\\"" for pay, in other words, hustling. We see their day-to-day existence through Davy's point o"
39569598,2025-08-12T11:27:16.036274+00:00,"David Hume was perhaps the leading light in the Empiricist movement in philosophy. Empiricism is seen in distinction from Rationalism, in that it doubts the viability of universal principles (rational or otherwise), and uses sense data as t"
52830037,2025-08-12T11:27:16.207954+00:00,"From Stephen Hutton:<br /><br />The 36th Bomb Squadron (H) Radar Countermeasure Unit, (36BS RCM) initially began as the 803rd Bomb Squadron (Provisional) and was the 8th Air Force's only electronic warfare squadron. This secret unit was fir"
52982184,2025-08-12T11:27:16.399694+00:00,"This book has to be one of the most outstanding books I have read in a long time.  What a clear and well ilustrated book.  I have used it's contents in my messages, in my counseling sessions and have given it as a reading assignment to my s"
51189174,2025-08-12T11:27:16.505361+00:00,"You know all those times you are traveling and wonder where a certain road leads, but it isn't on the usual map? This book shows every road, so you can find it easily and stop wondering. Keep in mind that they aren't all named, but every st"
50001405,2025-08-12T11:27:16.717811+00:00,"if you gotta play the biz game, then this one is worth reading...for those of you who already have your medici's, hats off to you..."
39148105,2025-08-12T11:27:16.922906+00:00,"This is the kind of guide you need to get started together with professional help from outside your organization. As they say, there are no Lean experts, only more experienced people - it shows that Tom Shuker belongs to this category."
42269638,2025-08-12T11:27:17.012371+00:00,Mulvany's Indexing guidebook is a must have for anyone seeking to become an indexer.  I purchased the book in connection with the United State Deparment of Agriculture Basic Indexing course that I am taking.
45860987,2025-08-12T11:27:17.120758+00:00,Wonderful insight and an easy read.  I couldn't put it down and was amazed at how her techniques worked on my puppy.  It is more of an all around book i.e. the whys of dog behavior rather than just how to training-although I still did get a
52782281,2025-08-12T11:27:17.216829+00:00,I am a librarian and just yesterday I had children rolling on the floor while I was reading this book. A best buy for libraries!
12670864,2025-08-12T11:27:17.324107+00:00,"Magyk is one of my all time favorite fiction books. I think that Angie Sage has a talent that is going to grow over her writing career. I mean, her plot is a little twisting and confusing, but the characters are funny, and the dialogue can"
50689518,2025-08-12T11:27:17.416779+00:00,"The Etiquette Advantage in Business is just the thing for the newly hired recent graduate who wants to be sure he or she is doing the right and considerate thing.  It is a great \\""review\\"" for older employees who want to check whether the"
16875191,2025-08-12T11:27:17.560307+00:00,"A counsellor had recommended this devotional to my husband and I.  While we don't read it together every night, when we do, we really like it.  It helps get us talking about things that we may not otherwise dicuss.  It has helped bring us c"
14828578,2025-08-12T11:27:17.663559+00:00,"I honestly thought that this book was fascinating and difficult to put down.  To be sure, this book is incredibly violent and graphic, so the reader should be advised.  But, although certainly fictionalized, it is reasonably accurate to the"
36642996,2025-08-12T11:27:17.784075+00:00,"THE SUNFLOWER has introduced me to Richard Paul Evans, and I think I'm hooked. Although his writing is very simple and somewhat predictable, he tells a good story. For those who enjoy romances in foreign settings, touched with a bit of adve"
51874804,2025-08-12T11:27:17.888009+00:00,Erica Spindler does one thing extremely well and that's keeping the reader constantly guessing.  She winds a fast-paced story through several subplots just to make sure she has captured everyone's attention.  I'm sure those not encapsulated
36642996,2025-08-12T11:27:17.976755+00:00,"I just finished reading a most remarkable novel titled FEVER. It started perfectly, and kept getting better and better until I thought I was going to jump out of my skin if I read another word. I was wrong about that. My skin is still intac"
44120866,2025-08-12T11:27:18.080620+00:00,"Kittredge has written a wonderful book on sales and marketing, from a very practical perspective. It is aimed at small business owners and sales/marketing managers, not academics or theorists. Clearly written and entertaining, as well as in"
26782483,2025-08-12T11:27:18.168087+00:00,I have tried several recipes in this book already and they all have be great-my family thinks so to.
51325595,2025-08-12T11:27:18.271106+00:00,Excellent preparation for the GMAT Math section.  Provides simple ways of answering math/word problems without having to use time consuming complex math formulas.  Shows ways of solving different types of problems along with a general math
12256386,2025-08-12T11:27:18.526535+00:00,"John Ringo I want more much more.  Please write another and then another sequel.  This trilogy was just so superb.  Thank you so much.  I am not given to superlatives but when I started reading \\""We few\\"" I couldn't put it down and the en"
12075852,2025-08-12T11:27:18.644301+00:00,"Samantha Forster has been gone. To the city. And now she's coming back. To Nevada. She has a new horse. A mustang. A bay. Ace. Now she must buck-up and re-learn how to be a cowgirl. She must endure embarrasment. She must rescue a calf. And,"
27532010,2025-08-12T11:27:18.735599+00:00,"I decided that if I was going to criticize the Potter books I should actually read them.  Having read all 6 books in the series I can say that J.K. Rowling is nowhere near the quality writer that J.R.R. Tolkein and C.S. Lewis were. Second,"
52968343,2025-08-12T11:27:18.859105+00:00,"This is a good story about an important topic - a woman's search for her birthfamily.  Two small things bothered me: First, the narrator calls the American (grand)father the woman's \\""Foster Father\\"".  A child adopted from Vietnam would n"
51914013,2025-08-12T11:27:19.018793+00:00,"I am a Secular Discalced Carmelite, and this is a MUST for those of us who have chosen this contemplative way of life.  It is a shame that TAN has ceased publishing this book, since it is now very difficult to obtain.  I have several on ord"
36097625,2025-08-12T11:27:19.152395+00:00,Mr. Fuchs tries to prove the case against Nathan Bedford Forrest for ordering a massacre at Fort Pillow. The author produces an agenda ridden work of little or no value except to those already convinced of Forrest's guilt. As an historical
16432446,2025-08-12T11:27:19.275092+00:00,"I loved this book.  It is a great coffee table book that will impress anyone who is into science, and if they aren't, they might just like it because the pics.  It includes lots of pictures, and diagrams, and it is layed out so perfectly th"
31612235,2025-08-12T11:27:19.442865+00:00,This classic 1972 Pattinson novel and Steve Brady adventure has not dated at all.  It is also the novel where Brady first meets the character he becomes rather obsessed with throughout other novels Linda Manning.  Unlike most classic Brady
50912809,2025-08-12T11:27:19.778919+00:00,"Dr. Michael Wilkins, an excellent New Testament scholar, does a great job of writing to the church.  In His Image takes Wilkins area of expertise, \\""disicpleship\\"", and deals with the issues we face as we try to \\""make disicples of all n"
47060343,2025-08-12T11:27:19.943747+00:00,"I think this book hits all the areas of the home that need attention. It does not tell you exactly \\""how\\"" to address each domestic situation, but it is a good manual to remind and alert one to what should be addressed in the home and how"
51368549,2025-08-12T11:27:20.239723+00:00,"This was a great book I could not put it down! Great story great characters. Excellent fast paced adventure, worthy of all five stars. I hope there is another one in the fold !<br /><br />EBO, South Carolina"
50022272,2025-08-12T11:27:20.644888+00:00,This is one of the most concise books I've ever read on meditation and Buddhism's method for leading a virtuous and happy life. This is the one book that brought together everything that I had previously read in other books on Buddhism and
43586748,2025-08-12T11:27:20.858758+00:00,"I've got something of a love/hate relationship with audiobooks.  I love to be read to, and I love filling up the time on a long commute with a story.  I hate abridgements, I hate readers who ham things up, and I hate productions that feel t"
49921280,2025-08-12T11:27:20.951687+00:00,"This is a huge book that covers every question that you may have about biological psychiatry, and even some that you haven't. As a graduate student in Neuroscience, I have found it invaluable as a theoretical reference. <br /> <br />The onl"
12119076,2025-08-12T11:27:21.039694+00:00,"Overall, this was a good buy. Lots of good information, and it was written in part by someone who has really 'been there', so the advice comes off as realistic, not clinical and removed. I also like that this book addresses a wide variety o"
15206958,2025-08-12T11:27:21.397994+00:00,"This book is overall horrible.  It is odd, at first this book talks about how important relationships are, and bonding with your child - and then it goes and tells you that if you do not WHIP your baby, you are a bad parent.  The author bel"
13099762,2025-08-12T11:27:21.567491+00:00,Most of the locks in the book are older and/or not very common. There is some good ideas for making tools though.
25824372,2025-08-12T11:27:22.013605+00:00,"This book is an excellent , current resource for counseling multicultural groups/individuals, in the truest sense of \\""multicultural\\"".  Every chapter is written by a member of the group being studied, so the perspective of the insider is"
50807508,2025-08-12T11:27:22.397385+00:00,"I was disappointed in this long-awaited book.  Joy Fielding is usually great with her books, but this obviously was a different style of writing for her.  The storyline was average and predictable."
29853725,2025-08-12T11:27:22.583486+00:00,With the release of the Sin City film this past April and the release of Batman Begins (heavily based on his Batman: Year One comics) the buzz around comic writer/artist Frank Miller has become a roar.  Frank Miller's amazing use of black a
49148452,2025-08-12T11:27:22.713584+00:00,"I think I should begin this review by explaining to you that I'm not exactly an unbiased reader of this title.  To be frank, the minute I heard the premise of this book I knew that I would love it.  Author Frank Cottrell Boyce could have fi"
12083588,2025-08-12T11:27:22.821374+00:00,"At the end of my freshman year last year, a friend suggested I read a book about a boy in high school since I like the Rocky Horror Picture Show and old alternative. So, I picked up \\""The Perks Of Being A Wallflower\\"" and started to read"
44195659,2025-08-12T11:27:23.127787+00:00,"Rob Bell's first book, Velvet Elvis: Repainting the Christian Faith, is as enticing and challenging as his teachings from his pulpit. Bell, the pastor of Mars Hill Church in Grand Rapids, MI, has quickly climbed to the top of the charts amo"
34805060,2025-08-12T11:27:23.587612+00:00,"Don't take this book the wrong way. At the time of this review, it cost 29 dollars, a reasonable price when it comes to 1L book costs. It fits into a purse or backpack, if not a pocket. It will serve you well enough in Civpro or Torts in a"
14753137,2025-08-12T11:27:23.769342+00:00,"An extremely good read!  It is fast paced, to the point, and very believable.  At times it gives you chills.  It truly does leave you waiting for the next book by the author."
30632463,2025-08-12T11:27:24.054701+00:00,"I have watched several versions of Dracula but reading this book is the first time for me. Well, it has no close similarities with any movies I've seen except, of course, Bram Stoker's Count Dracula which has Hollywood spices in it. Compare"
29610500,2025-08-12T11:27:24.641099+00:00,The best general dictionary of linguitics on the market.  I always find the words I'm looking for in this volume.  Great reference book.
50122160,2025-08-12T11:27:24.792484+00:00,"The Future Of The International Monetary System is a scholarly compilation of essays by financial experts striving to identify key trends and predict the future in the international financial system. General themes discussed include \\""The"
26331100,2025-08-12T11:27:24.907719+00:00,"Meet Freddy, the Prince of Wales. Freddy gets into some very strange situations through no real fault of his own, such as accidentally getting tarred and feathered while naked outside of Buckingham palace. Meet Fredericka, the princess of W"
17611249,2025-08-12T11:27:25.079532+00:00,A highly useful analysis of the Utah water systems.  Highly applicable reduction strategies.  Great work.
12934400,2025-08-12T11:27:25.663516+00:00,"Reading this pamphlet is one way to spend 20 minutes. However your 20 minutes would be better spent searching online for a book with a bit more \\""meat\\"" on Japanese carriers."
49524801,2025-08-12T11:27:26.216708+00:00,"\\""You see, when you're in love, you look for similarities with your beloved. Since the root of all conflict is seeing differences between yourself and another, love truly seems to be the key to eliminating conflict.\\"" - Doreen Virtue<br /"
42146022,2025-08-12T11:27:26.536709+00:00,"This author does an outstanding job of organizing, synthesizing and conveying the essence of insurgency and terrorism. The one drawback to this book is that you will need to have a specialized understanding of the art and science of war. If"
30318305,2025-08-12T11:27:26.686133+00:00,Sandy Herrault's new 'Smart Violin Method' is a great resource for beginner fiddling. I use the 'Smart Method' with almost all of my 30 violin students; the pieces follow an easy progression and are refreshing for both teachers and students
53021862,2025-08-12T11:27:26.884343+00:00,"This wasn't what I was looking for -- not a book about business ethics, more a puff piece for fundamental christian beliefs.  If you already believe it, you might like the book.  I found it unsuitable for business."
40379388,2025-08-12T11:27:27.057290+00:00,"I haven't even read the whole book and I'm already amazed at how a book that teaches language arts can have so many typos!!!  I was browsing this book online, using the \\""surprise me\\"" feature and on the first page I looked at (Lesson 90,"
50122160,2025-08-12T11:27:27.169817+00:00,"The collaborative effort by wordworking experts Lonnie Bird, Jeff Jewitt, Thomas Lie-Nielsen, Andy Rae, and Gary Rogowski, Taunton's Complete Illustrated Guide To Woodworking is a straightforward guide for practitioners of all levels of exp"
12079748,2025-08-12T11:27:27.266675+00:00,"Very few times has a book been recommended to me, either by a New York Times book review or friend, and I have taken to it.  Very few. So when I saw the Times review a while back, along with a recommendation from my closest friend, I had a"
49458301,2025-08-12T11:27:27.355146+00:00,"The book begins with a heartfelt foreward by the late Lewis Griefer (writer of \\""The General\\"" under the psudonym of Joshua Adam), an introduction by the author, and then a reproduction of the original ITC \\""Prisoner\\"" writers guide cre"
52597505,2025-08-12T11:27:27.489103+00:00,"I also thought this one was better than the last two or three but I still need a freaking flow chart to keep track of everybody, especially all the Aes Sedai. Still, better is better."
12273009,2025-08-12T11:27:27.714335+00:00,Being interested in the subject of demonology this book grabbed my attention. A good idea and well researched but unfortunately it was just too in depth. There was far to much detail included about certain areas of the possession adn the va
36959026,2025-08-12T11:27:27.860083+00:00,"Michael Connelly keeps growing his talent for hooking the reader. <br />His latest; \\""The Closers\\"" is the work of a creative genius! You will not be dissapointed, you will not put this book down until you have finished it!"
49271702,2025-08-12T11:27:28.448254+00:00,"Very sadly long out of print, it's well worth it to track a copy down... An overlooked classic."
12254363,2025-08-12T11:27:28.628825+00:00,I use it for school because we need it lol yeah.  With out it i would be failing.  The homework are pretty easy too.
14630184,2025-08-12T11:27:29.138427+00:00,"If you have been diagnosed with cancer, being treated with a conventional method or have someone you want to help, Outsmart Your Cancer is where you start to get educated.    Pierce forcefully explores the shortcomings of conventional treat"
12075822,2025-08-12T11:27:29.511886+00:00,"I was worried about this novel because the last one went so wrong, imho. This one is, I hate to say it, worse, but for diffrent reasons. <br /> <br />A 55 year old woman is raped and then rescued by her husband. His first thought is to have"
49138414,2025-08-12T11:27:29.914387+00:00,"Wistrich is certainly correct in calling Antisemitism the longest hatred.  Almost every culture, from ancient times to the present, has been infected with this philosophy. His book covers its history from Biblical times to the late 20th Cen"
12202937,2025-08-12T11:27:30.610419+00:00,"The Abrarat is a 123 page book full to the brim with magic. It is a fiction book about a girl and her adventures in a new world. Some of the places she visits are so amazing, diverse, and insane. The world of the Abrarat is just an ocean an"
21377597,2025-08-12T11:27:31.029896+00:00,"The print is smudgy, and a lot of the real estate is devoted to reprinting the ANSI standard, but I would rather look up library calls in a book than the COMPUNET.<br /><br />Also, I thought the comments on the design of the library were ve"
49220589,2025-08-12T11:27:31.523498+00:00,I am a middle school teacher and found this book to be a great tool for teaching my sixth graders. We have been studying personification and this book has great examples in it. The pictures are beautiful and the text is serene.  This is a v
46686035,2025-08-12T11:27:31.746628+00:00,I work in the video game industry and am working on a game that has a railroad level in it. These model railroad books are the perfect reference! The whole book is filled with great ideas and each idea is supported with real photographs. A+
37969609,2025-08-12T11:27:32.294014+00:00,I read this book a few weeks ago and was intrigued by the subject matter. Gabriel Garcia Marquez weaves a beautiful tale of mystery and wonder. The story center around the Buendias living in a fictional Central/South American town. We're le
14288144,2025-08-12T11:27:32.719533+00:00,"This book is great and \\""user friendly\\"" for the parent who is looking to start a home program. Better info and easier to digest than many of the books available. An excellent first book if you are thinking of ABA for your child."
12525702,2025-08-12T11:27:32.823133+00:00,"I received the book I ordered, on time and in great condition."
14991279,2025-08-12T11:27:33.133519+00:00,My husband is a nurse and I am an accountant.  We have been concerned about my independent 82 year old mother who still lives on her own.  The SENIOR ORGANIZER was the answer to our prayers.  These easy to follow binders helped us organize
13747113,2025-08-12T11:27:33.275682+00:00,"The only reason I did not rate this book as a 1, because I was actually able to finish the book. Based on that alone I rated it a 2. The concept of identical twins and identity switching combined with insanity and crimes, was a good one. Bu"
15269417,2025-08-12T11:27:34.524501+00:00,"My One and Only Love is a psychological and political commentary on the personal conflict between being true to one's heart and being loyal to \\""The Jews.\\""  <br /> <br />Gilad Atzmon, born in Israel, makes fun of famous Zionist historica"
50776149,2025-08-12T11:27:34.754058+00:00,"The story goes that when the small carrier 'Liscome Bay' was sunk, her airborne planes had to have a place to set down or they would have to crash in the ocean. The man who gave the order on the carrier 'Yorktown' to turn on her landing lig"
17614111,2025-08-12T11:27:35.130100+00:00,"As a writer in the very early stages of my career, I found this book to be very inspirational and informative.  Mr. King tells you about his life before being published and his struggles with drugs and alcohol, and how he rose above them."
50806303,2025-08-12T11:27:35.629440+00:00,It's full of fabulous full color drawings to inspire you.  Has easy to follow step by step instructions.  You'll find your favorite subjects are broken down into simple shapes that you fit together.  It's easy to get the proportions right a
52272094,2025-08-12T11:27:36.555652+00:00,"I have read this short book many times.  Actually one of Cartland's shorter (and less substantive) novels, it remains my favorite.  There is such a sweetness to the heroine Anita, and all the characters are worth meeting. <br /> <br />Our s"
44437253,2025-08-12T11:27:37.081707+00:00,"I groaned when a fellow Eastern Orthodox Christian, a former Protestant, lent me this book.  Reading it, however, I became hooked; I was more than pleasantly surprised.  NT Wright's \\""daring\\"" view of St. Paul is old hat, or should be, to"
14783151,2025-08-12T11:27:37.528958+00:00,"This was my first read by Carol Queen, and I'll definitely be looking for more.  Her down-to-earth attitude and very sincere, nonjudgmental, and open-minded approach to writing, sex, and a potentially touchy subject is very impressive.<br /"
33922429,2025-08-12T11:27:38.247347+00:00,"First, I've JUST ordered this set but had the pleasure of already studying through a friend's and wanted my own for future reference.   <br /> <br />There was one review where the reviewer claims that Microsoft expects you to have a certain"
31482201,2025-08-12T11:27:38.439458+00:00,"It's a guilty pleasure of sorts, and although it is well written, it really is (on the most basic level) an epic action/adventure novel. I'm generally not into books like this, but I've read this one 3 times, and it still never gets old. It"
37278121,2025-08-12T11:27:38.531050+00:00,"What first started out as an article on the impact of Paul Wellstone's politics, Bill Lofy's Paul Wellstone: The Life of a Passionate Progressive transformed into a biography to be reckoned with. Starting with Paul's childhood and formative"
12084395,2025-08-12T11:27:38.885882+00:00,"This small, short little book is a powerhouse of knowledge, cures, and a \\""must have\\"" for anyone with Clorox in their home! (Ugh!) <br />Old hippies have probably forgotten that they knew this stuff, their kids will enjoy the simplicity"
48581126,2025-08-12T11:27:39.467444+00:00,"\\""Cod\\"" approaches the saga of this most significant fish from several perspectives.  It tells its scientific classification and habits.<br /><br />It is the section on the history of the Cod fisheries that I find to be most fascinating."
44890520,2025-08-12T11:27:40.304785+00:00,"This book tells a meaningful story about a young boy struggling with an academic system that stifles freedom and creativity.  He finds great success academically until he is awakened by a rebellious and free-spirited friend, who makes him r"
28900212,2025-08-12T11:27:40.621877+00:00,"This is a nice book that takes the reader on a biographical journey. It's a relatively easy read, but very gratifying. The Greenes have gone through several major disappointments, and survived. MUST READ!"
39640879,2025-08-12T11:27:41.520527+00:00,"Some people read this book and/or the reviews and think this book is a joke, but it's not. I dated a Japanese girl for 2 years and even went to Japan, and I own a Samuri sword and I KNOW this is the real stuff. Nothing could better prepare"
12083525,2025-08-12T11:27:41.996424+00:00,"Sanders weaves a mixture of real people and fictional characters against the background of the horrors of the First World War.  His descriptions of trench warfare are especially poignant.  Distinct believable characters, memorable scenes, w"
35653683,2025-08-12T11:27:42.653888+00:00,"this book is awesome! it has info on over 100 saints commonly found in art. stuff like name, time and place of earthly life,what they did, patronage,special devotions, connections to other saints, when they became saints and their feast day"
12124100,2025-08-12T11:27:43.254289+00:00,This book is the only Jeet Kune Do reference material you will ever need.  The information combined with detailed illustration is thorough and easy follow.  The author's vast knowledge of and dedication to the art is evident.  From serious
12084732,2025-08-12T11:27:43.624359+00:00,I have bought Mabel White books for the last five years and they have taught me great ideas I use every day in my business.  When I got into making gift baskets I bought every book out there.  I did notice the Mabel White book was the most
31785290,2025-08-12T11:27:44.654200+00:00,"In this, his second collection of tales inspired by H.P. Lovecraft's writing, Stanley C. Sargent firmly establishes himself as a master of his craft--a compelling storyteller in his own right and an important torchbearer for the legacy of L"
12083978,2025-08-12T11:27:45.075259+00:00,"Convenient, concise and informative. The pictures are great and the format makes it easy to follow and learn at one's own pace. For anyone looking for a good introduction to yoga, I highly recommend this portable and invigorating book."
50887573,2025-08-12T11:27:45.751132+00:00,While we successfully opted to use a different training method to train our 4 year-old dughter- this book was very good at making sense out of our daughter's behavior.  An autistic child can really be a challange to understand under normal
50199793,2025-08-12T11:27:46.784586+00:00,"Oshun originated in Africa where she is known as the goddess of fresh water and love. She possesses varied attributes and is worshipped in Brazil, Cuba and Haiti. She is associated with money in Puerto Rico, where her symbol is a pumpkin. ~"
52634996,2025-08-12T11:27:48.337487+00:00,"I love Tess Gerritsen's books! \\""Vanish\\"" has the usual twists and turns that keep you reading till dawn. If you haven't read any of Tess' books, I suggest you start with \\""The Sinner\\"" then \\""Body Double\\"" before getting into this on"
13277408,2025-08-12T11:27:49.253080+00:00,"I have read THE POWER OF NOW and enjoyed much of the points Tolle makes and this is a credible and sound follow up--as well done as the former. It is a further discussion on the first book, but not much more. I have read all of the reviews"
14204912,2025-08-12T11:27:49.393867+00:00,"I rarely see such a helpful book, not matter if you are a beginner or a pro, this book will tell you all you need to know about Frontpage 2003. From the preliminar aspects to the must complex issues and features in Frontpage, this book will"
41033313,2025-08-12T11:27:49.732566+00:00,"Books 10 and 11 both make me think of book 4. <br /> <br />\\""Book TEN makes you think of book FOUR?!?!?\\"", you say?  Well, yes... specifically, that part where the Shaido clan-chief-wannabe was in the heart of Rhuidean and was tearing his"
16644498,2025-08-12T11:27:50.333883+00:00,"Great book, esp. for beginner weavers. It has just about every little fast fact needed for weaving in case you forget steps along the way."
26771927,2025-08-12T11:27:50.744200+00:00,"I watched the movie many years ago, and I thought it was great (and it is), but the book didn't make it to the top of my to-read list until a few months ago.  When I read it, I was so glad I had.  Unlike some classics, this book truly deser"
12079476,2025-08-12T11:27:50.907289+00:00,"At first glance, this book seems like a typical O'Reilly book: a narrow title, rich in material, and is beneficial to a much wider audience than the title reveals. It covers a wide range of system administration subjects and goes way beyond"
34053656,2025-08-12T11:27:50.995705+00:00,"I'm a big fan of any book on the Kennedy's but I found this book to be a let down. Other than a handful of photos of her as a child, there's nothing in this book that hasn't already been published. The only good thing about it is that all o"
40241669,2025-08-12T11:27:51.098579+00:00,"I bought this book as something I could dip into but found I couldn't put it down! <br /> <br />It was full of conspiracy theories I'd never heard of as well as fascinating insights into the classics, like JFK and the Dead Sea scrolls. The"
34281679,2025-08-12T11:27:51.191059+00:00,For the non-techie this is a good book to understand what drove Berners-Lee to invent the Web.The first half provides an interesting history leading up to the present day.The second half details Berners-Lees' thoughts about the present - da
51088494,2025-08-12T11:27:51.276233+00:00,"Goldblatt does a great job of collecting national data of all football countries and gives great piece of info in cities and countries football maps. <br /> <br />Though, he fails to tha truth when establishing certain leagues facts and cha"
53026514,2025-08-12T11:27:51.371197+00:00,"A very mixed bag of outstanding photographers, and hundreds of great pictures, many of which I have not seen anywhere else."
33301225,2025-08-12T11:27:51.456270+00:00,The book is good for the class that I was taking.  To learn about lasers I needed something that could teach me more than what was explained in class and this book was what the teacher recommended to the class.
51371372,2025-08-12T11:27:51.545324+00:00,"A riveting page turner! Ms. Faulkner's thoughtful character development, along with an absorbing mystery sparked with unforseen twists and turns, creates a delightful and fun read. Her journey into the world of country music provides an ent"
37166361,2025-08-12T11:27:51.646746+00:00,"As many of you probably already know, 'Haunted' wasn't originally planned as a single text.  The short stories and the central narrative were originally intended to be separate works, but he just decided to combine them.  This helps explain"
12262605,2025-08-12T11:27:51.731492+00:00,"If you're a marketing student or marketing professional, this series is an ongoing collection of recent articles and is fantastic. A must have."
12256742,2025-08-12T11:27:51.817165+00:00,It is a very good pattern book.  It has very detailed instructions to follow.  Am pleased to be able to order it.
52813369,2025-08-12T11:27:51.917172+00:00,"This travel guide is an indispensable resource to planning a trip to Egypt, and it lives its reputations as a venerable Michelin guide to any of the destinations they describe - it concentrates on historical and cultural facts, and I've alw"
12262129,2025-08-12T11:27:52.008317+00:00,"Almost entirely a beautifully written book;  a wonderful mystification of Berkeley/the West Coast.  Nice,  grim account of academic life:  \\""I'll never have a good time like that again.  Just tenure.\\""  A moving account of various relatio"
35645438,2025-08-12T11:27:52.093792+00:00,"Great book, real attention getter.  On to part 2."
44460390,2025-08-12T11:27:52.179893+00:00,I've had this CD for years and it is wonderful to listen to with earphones on because it really does make you feel like you are in the middle of the story. My sons were in high school when I asked my oldest one to listen one evening. My hea
37411178,2025-08-12T11:27:52.282592+00:00,"Clearly, the first part of this book was based on research done for \\""Cadillac Desert\\"" and focuses on the history of growth and water supplies for San Francisco and LA.  However, the second and third sections are new: the second section"
13350556,2025-08-12T11:27:52.368181+00:00,"In it's time, Everything everyone should know about Disney but are so infatuated with the mouse, they wouldn't think to ask. Hearty reading enjoyment for those who don't buy into the plastic fantastic unreality that is Disney <br /> <br />"
50985049,2025-08-12T11:27:52.452235+00:00,I have read Prof. Cantor's books amd have found him to be a very lucid writer and a joy to an old history buff like myself. I have not finished this latest book but so far it's a dandy.
50498665,2025-08-12T11:27:52.538707+00:00,"I can't reccommed this book highly enough.  As a computer engineer, I generally do not have much trouble with computers or main stream software programs. Photoshop has always been the notable exceptiion. I have tried many books on the subje"
49263512,2025-08-12T11:27:52.628488+00:00,"This is one of the most famous novels by Verne, and justifiedly so.  A strange thing is happening in the seas of the world: a gigantic sea monster is terrorizing and sometimes sinking ships. The US government assembles a team of experts and"
12086273,2025-08-12T11:27:52.712535+00:00,This book is easy to pick up and understand what behavioral interviewing is all about.  For someone that is at the other end of the interview process (the interviewee) this book helped to better prepare me for the interview process in this
42362311,2025-08-12T11:27:52.799364+00:00,"If you've never read anything by John Mauldin, you are missing out on a treat!  This guy is a great modern day economist!  A great view from a safe distance!"
12116116,2025-08-12T11:27:52.905205+00:00,"Okay, for those of you who haven't read the book yet but did watch the movie you guys missed out on a lot the movie didn't include all the scenes that I personally though was very well. <br /> Now that that's out of the way. Douglas Adams i"
40985705,2025-08-12T11:27:52.990677+00:00,"all the questions you have all wanted to ask....very funny and informative, put many myths to rest...fast read!!!"
51346317,2025-08-12T11:27:53.082508+00:00,"...the dumbest, most unsupported hokum I've ever heard of.  When sales taxes are too high, a huge black market ensues.  Better to stick with the current system and hope that the next administration makes the rich pay their fair share."
35923621,2025-08-12T11:27:53.213433+00:00,"I enjoyed this book greatly, more for the writing than for the tale, which does work quite well, actually.  The premise is solid, and the characterizations of Eva and Burl are fleshed out with craft and credibility.  I don't know any beekee"
14477731,2025-08-12T11:27:53.302842+00:00,This book describes the nature of various types of stones and the recommended usage inside and outside the home.  I've used this book as a guide to show my local stone dealer what type of stones I'm looking for.  And also used it to illustr
17152781,2025-08-12T11:27:53.404988+00:00,"Sorry, but I picked this one up without reading either of the two books that came before it, nor anything else by the author.  After finishing it a few minutes ago, I feel very anxious to read the next book, Rise of Endymion.   <br />Simmon"
53030023,2025-08-12T11:27:53.503757+00:00,"This is the best book I have ever read on Foucault, no contest--though one must be clear that Halperin is EXPLICITLY NOT attempting any general and comprehensive explanation of Foucault's life work and thought, which Halperin makes quite cl"
51861681,2025-08-12T11:27:53.592172+00:00,"Robert Frost's poem \\""Fire and Ice\\"" aptly describes Regina Cutter's psychic feelings when she consults on a case for the Boston police.  A thirteen year old case is brought to Reggie's attention, and she feels compelled to see if the man"
52681476,2025-08-12T11:27:53.682853+00:00,My interest in Nelson stems from an interest in his flagship at Trafalgar the HMS Victory.  I developed this interest in my early teens at a time when the country I was living in was going through massive changes. One of the things I learne
12088346,2025-08-12T11:27:53.778323+00:00,"I got good news and bad news. First, the bad news. This book is terrible. It's 106 pages, half of which contain pics. So you're looking at only about 50 pages of text. Oh, and the text itself is terrible. A virtual plethora of mistakes. Ver"
21168051,2025-08-12T11:27:53.863854+00:00,This book was an entertaining and informative even for someone who generally tries to avoid the non-fiction aisle. The book is packed with information and is clearly well researched -- who knew the America's Cup played such a big part in th
31115146,2025-08-12T11:27:53.953043+00:00,"Well, I hate to be the one who \\""breaks up the party\\"", but I was dissapointed when I finished reading this book, the first one I have read by this author. Part of reason I didn't really like it may be due to the fact that I already own t"
12082118,2025-08-12T11:27:54.040802+00:00,"<br />In spite of the aggressive stance the Fair Tax Book takes on the wealthy paying more, excatly the opposite has been proposed by the President's Tax Commission: i.e., mortgage interest deduction on mansions limited. <br /> <br />Much l"
50300020,2025-08-12T11:27:54.148643+00:00,"Reichl's book, like her famous double review of Le Cirque, raises the probing question of whether the \\""best\\"" restaurants truly have earned their titles by treating all of their customers as four stars restaurant should, or whether, inst"
13385570,2025-08-12T11:27:54.233818+00:00,"I was really looking forward to this and picked it up before reading the New York Times review (who gave it an F).  Well, the joke's on me.  It's so bad in so many ways. The plot is disgusting for its lack of movement.  Names are mispelled"
32260698,2025-08-12T11:27:54.321151+00:00,"I just received my copy of this book, and am overwhelmed by the amount of information in it. The photos alone are worth the price. As others have noted there are a few editing mistakes in it (the only one not easily overlooked are a few mis"
12079924,2025-08-12T11:27:54.409547+00:00,"I gotta agree with Critic-AL... too much ink is being spilled about Lynch that reads like retread po-mo theories. I'll go with Pervert in the Pulpit too, and I'm not alone. You don't have to be a film student or academic to appreciate Johns"
14047883,2025-08-12T11:27:54.497772+00:00,"I did a search for Joel Rosenberg some time ago and came up with <br />Murder in LaMut as a novel he wrote with Raymond E. Feist. I checked my local library system, they didn't have so put in an InterLibrary Loan request and within a month"
32300858,2025-08-12T11:27:54.585564+00:00,"The subject is treated at a basic level, but provides a good overview for a reader that has little prior experience with the subject.  This would be a great supplement to the typical first-year general chemistry text, and would set the stag"
52496636,2025-08-12T11:27:54.700146+00:00,"\\""Decent Interval\\"" is proably the most thorough insider's account we have of the fall of Saigon to the North Vietnamese army.  Snepp, a CIA analyst, was an eye witness to the events leading up to the American evacuation on April 30, 1975"
38036145,2025-08-12T11:27:54.785155+00:00,"I ordered this for my kitchen-challenged daughter at college, and she raved about it. The recipes are simple and good for you--it's everything the title promises. As an athlete my daughter has to eat healthy but is sick of cafeteria food, a"
49696562,2025-08-12T11:27:54.869719+00:00,"Abby Cooper is an Intuitive, which comes in handy for solving this mystery.  I love the characters and how they interact in this book, and I think Ms. Laurie has struck a gold mind with this concept. The mystery was really good, kept me gue"
36299313,2025-08-12T11:27:54.955214+00:00,"If you love to hand quilt like I do, then this is a book that you will want to add to you collection:)  It will enable you to draw any kind of feather design and fill any size space with appropriate size patterns.  There are great ideas for"
36642996,2025-08-12T11:27:55.042926+00:00,"In our quest to live life to the fullest, most of us have only a vague idea of what will happen to us when the people we love, the people closest to us, die. Sure, we know that death is inevitable for us all somewhere far off in our wished-"
52191490,2025-08-12T11:27:55.128219+00:00,"Those who are fans of Michael Craft's novels (and those who will make this their first read) will not be disappointed in this Claire Gray installment! As is his custom, the author makes us feel at home with familiar venues and characters. W"
12081595,2025-08-12T11:27:55.216631+00:00,I'm a huge admirer of Malcolm Gladwell's essays in the New Yorker and of this book.  He's a master teacher and synthesizer of complex ideas and (seemingly) disparate trends. Tipping Point is fun to read and you'll learn a great deal from it
12167525,2025-08-12T11:27:55.303158+00:00,"From the minute I opened the first page I couldn't put it down. <br />During the process of reading this book I had a family member go through a similar senario. When I finished it I emmediately handed this story to my loved one, who throug"
26771927,2025-08-12T11:27:55.388023+00:00,"I read these when I was child, and I loved them then.  I still love them now.  The allegory in these books is powerful, and the story is exciting and beautiful.  This collection is a must for every family's library, to be read and re-read f"
28058919,2025-08-12T11:27:55.473031+00:00,"I have taken a Cisco CCNA Networking class, and I believe, though I have not completed this book, that it is significantly better.  I enjoyed starting at the application layer.  It also explains things in a much less clinical and detached m"
52340667,2025-08-12T11:27:55.558799+00:00,"That's one cute giant panda on the cover.  Indeed, I see no similarity whatsoever between this cute, innocent creature and us ugly, dirty, corrupt humans, except we all have two eyes, two ears, one nose, two nostrils, ..."
12086397,2025-08-12T11:27:55.643286+00:00,This book was a very helpful guide with great coloured pictures.  It's easy to read and understand.  With this book I was finally able to identify some plants that I had.
36218806,2025-08-12T11:27:55.743906+00:00,"The focus is on components of bidding systems, rather than existing systems like Precision or Polish Club or 2/1.   <br />The book does a good job of covering bidding system components, such as relay systems, transfers, diaglogs (where both"
53017446,2025-08-12T11:27:55.831924+00:00,"Every other year I replace my dog-eared Maltin Guide with a new one.  The 2006 Guide is noticeably smaller than the 2004--with 2,000 FEWER entries!  Like many film buffs, I use the Guide as a reference book.  Film info and stats are more va"
32495679,2025-08-12T11:27:55.916099+00:00,"very helpful material  - not necssarly with a Christian focus, but rather on the semantics of writing.  Gave good ideas for organizing thoughts, publiations for the aspring writer."
52285367,2025-08-12T11:27:56.004815+00:00,"I never write reviews online, but this book has driven me to.<br /><br />I have read and enjoyed Ringo's other novel and was very shocked and disappointed with this one.  I had previously read the first few chapters of Ghost on the web and"
34152772,2025-08-12T11:27:56.092016+00:00,Having a Mary Heart in a Martha World was a great discovery for me. Joanna Weaver uses personal stories and great examples to make the story of Mary and Martha come alive. It is a very practical tool for teaching do-it-all Type A personalit
12083294,2025-08-12T11:27:56.195647+00:00,"I read the book to see how far Lindsey could go,and it's way too far.This book is nothing but hate filled lies to flame up <br />the hate against Islam by evangelical neocons who want to make  <br />their form of Christianty the main religi"
46134316,2025-08-12T11:27:56.291232+00:00,"I picked up this book after my sixteen year old nephew, who is a Goth, told me that he took a lot of tips from this YA novel, tips on how to dress, and what makeup to wear, and what attitudes to put on, to hide his own shyness and to make s"
12083169,2025-08-12T11:27:56.377093+00:00,"A lot of Christian books for teens stay away from the real issues. This book doesn't and it's encouraging to know that God can change a life like this. Loved the quotes from teens, the stories, and especially the poetry written by teens. Ve"
38740020,2025-08-12T11:27:56.465063+00:00,"This book is excellent, as is all of Debbie's, my only sorrow is that I have to wait until next Sept. for the addition to this collection.  OH my but I do have all of her others to choose from.  Thanks for asking!!!  Mary Melissa Kelley"
12731500,2025-08-12T11:27:56.554395+00:00,"Andrew Winston does a superb job with character development.  Looped brings each person to life, vividly and realistically describes relationships and then masterfully connects all of the characters. I felt like a voyeur in the neighborhood"
12080245,2025-08-12T11:27:56.647138+00:00,"I like the book on overview of H.264 (because it is no worse than most of overview papers, even those in IEEE by H.264 chairs)."
15039703,2025-08-12T11:27:56.731386+00:00,"Every time I share this book with a client the reaction is....\\""Wow I get it\\"".  However, the challenge come in when they say...\\""but they don't get it\\"".  This fun light parable requires people to slow down and understand a framework f"
40229685,2025-08-12T11:27:56.817610+00:00,"This book is exactly what I expected from the authors - a well written, useful resource.  I have over 10 years playing many editions of D+D and wanted to see what some of the experts had to say and to see their opinions on some of the top 1"
12080732,2025-08-12T11:27:56.911739+00:00,"i've been waiting for this book to be given a US release and i must say i'm impressed, the writer is obviously a huge fan and has captured Numan's entire music career with aplomb. For a newly converted fan like me this book is invaluable. P"
52538234,2025-08-12T11:27:56.999698+00:00,"It's an old gag - someone sitting down to read the dictionary.  But, with Harry Newton, you actually do want to read the dictionary! The writing is so lively, witty and informative, this is not only a preeminent reference for anyone in tele"
52938442,2025-08-12T11:27:57.083776+00:00,"This book explains step by step how to get your body into an alkaline state. You not only get good scientific evidence of how the body works, but you also get great easy exercises and meals to make. <br /> <br />I would recommend this book"
52905863,2025-08-12T11:27:57.169077+00:00,"PLEASE NOTE!!!!!  I can't rate this book because the book has not yet been shipped to me.  It is on back-order until approx. December 2005  - I only checked 1 in item 1 so that this completed form would be accepted for \\""send.\\"""
16198844,2025-08-12T11:27:57.259505+00:00,"I just can't get enough of Lewis and Tolkien.  This particular series is one I grew up with.  When I received my new set, it took me seven days to read all seven books.<br /><br />The reason I gave only four stars was because I wish the set"
38794774,2025-08-12T11:27:57.348186+00:00,"I started doing hardanger about 2 years ago and taught myself from magazines -- and yes, I learned had some bad stitching habits.  I've been looking for good reference books to help me really learn the correct way to stitch.  This book is a"
52003653,2025-08-12T11:27:57.432208+00:00,I'm only 2 months into learning to play guitar. This book has allowed me to play songs that I know. This has really helped me feel like I will get there at some point. <br />
20357662,2025-08-12T11:27:57.524488+00:00,"There is much to recommend in Brinsley Le Poer Trench's masterwork \\""Finding Lost Atlantis Inside The Hollow Earth,\\"" recently reissued by Global Communications. For one thing, the writing style is clean, even old-fashionably elegant, and"
51208486,2025-08-12T11:27:57.622611+00:00,"I found the book very disappointing.  It did not at all feel like a culminating book of a trilogy; instead, it seemed to meander forward, from chapter to chapter.  I have rarely before in the Darkover series felt a book that was not well pl"
12076086,2025-08-12T11:27:57.716621+00:00,"I read this book in 3 days!  If I didn't have to work, I would've been done in one!  I could not put it down.  I felt so attached to Winter Santiaga.  She was very ignorant and she made a lot of stupid decisions, but the way Souljah wrote t"
16397020,2025-08-12T11:27:57.802861+00:00,"The book is just one great story after another, a great insight into the personal lives of some great actors. Many times we think of these master actors as the characters they play, because of there talent, we forget that they lived a life"
23459326,2025-08-12T11:27:57.909341+00:00,"I feel the author is a true example of how we can show others God's love.  He shares his joys and tragedies in working with those caught in substance abuse.  This book is not only for those who suffer from addiction, but also for the friend"
44319989,2025-08-12T11:27:57.994857+00:00,"This memoir reads more like a novel than any memoir I've ever read, with a plot that revolves around Garicia's survival and fortunes in both business (trading, trapping) and in love. Garcia's prose voice is also singular and entertaining, l"
50759001,2025-08-12T11:27:58.081084+00:00,"PLAYING ON WORDS: A Guide to Luciano Berio's \\""Sinfonia\\"" by David Osmond-Smith is an exploration of the Italian composer's great postmodern orchestral work.<br /><br />The first chapter, \\""'Sinfonia' and its Precursors\\"" places the wor"
46273472,2025-08-12T11:27:58.171671+00:00,"At long last! Finally! Bravo! This is what all biographies of underworld figures should be, and almost never are. Indeed, it's what all biographies should be. It will be the benchmark against which all subsequent books about organized crime"
31853375,2025-08-12T11:27:58.269056+00:00,I love people who challange the ideas that history has set down. This book does just that. How many times have we thought of Helen of Troy simply as the trophy of the famous Trjoan War? She must have been more than that. In order for men to
38312855,2025-08-12T11:27:58.358323+00:00,"The anonymous author, who now manages an unnamed five-star hotel, has spent the past 15 years working in London's top lodgings.  The author compresses these years into a 24-hour period (divided into one chapter for every hour) and places th"
40051756,2025-08-12T11:27:58.449307+00:00,"When one looks over the vast array of American Literature, there are but a few books that are ranked in a class by themselves.  They include such novels as \\""The Adventures of Huckleberry Finn\\"", \\""The Scarlet Letter\\"", \\""The Grapes of"
53078052,2025-08-12T11:27:58.540822+00:00,"Kevin Coogan has given us something rare:  a sustained, very detailed, very serious examination of a completely obscure, really small topic. <br /> <br />The book is a long biography of someone called Francis Parker Yockey, an American Nazi"
18455290,2025-08-12T11:27:58.643484+00:00,"After over 15 years of watching my mother's drinking problem worsen, my family came to the conclusion that there was nothing we could do to help her. We thought, \\""How can you help someone who doesn't want help or doesn't think there is a"
15040820,2025-08-12T11:27:58.728225+00:00,"The book is riddled with errors. It's ridiculous how much time I've wasted trying to fix the author's mistakes in the code. While the content might be worthwile from an academic standpoint, the time you'll spend debugging the examples will"
37236260,2025-08-12T11:27:58.820022+00:00,"There were some helpful ideas in this book I'd call as much  personal \\""theory\\"" as true pathological analysis.  Finally, we learn that \\""psychopath\\""  is \\""sociopath\\"" now, among professionals.   And I liked that he reminds us that"
35645438,2025-08-12T11:27:58.906523+00:00,"I could not put this book down.  It is great from start to finish.  There should be a sequel, I need to know what happens with Ishmael and Nina."
42524740,2025-08-12T11:27:59.000033+00:00,"We read in the (Biblical) Book of Wisdom, Chapter 7: <br /> <br />For in her is a spirit intelligent, holy, unique, manifold, subtle, agile, lucid, unstained,  <br />certain, sharp, irresistible, beneficent, loving to all, steadfast, depend"
49775873,2025-08-12T11:27:59.096160+00:00,This childrens book by Terry Pratchett is delightfull for both chilren and adults.  If you have ever been a parent that had to read to their children the same book about a million times in a row only to have the little darlings ask for it a
19569449,2025-08-12T11:27:59.181462+00:00,"The book is what I expecected. Good basic patterns, with clear explainations. Many old traditional ones with a slight twist."
14898173,2025-08-12T11:27:59.267825+00:00,"A novel about the struggle between a man and his \\""dark half.\\"" Writer, Thad Beaumont, decides it's time he puts a rest to his pen name \\""George Stark.\\"" In a strange series of events, you find out that George Stark has come to life. Th"
34407806,2025-08-12T11:27:59.352374+00:00,"The Talking Room reflects an apocalyptic vision of the 20th century, seen through the eyes of a pregnant 13 year old who may or may not be a test tube baby. The Lesbian relationship between the mother J-wild, lost, beautiful - and competent"
48756809,2025-08-12T11:27:59.438523+00:00,"This book by first time novelist Kate Benson is a must read.  Ms. Benson's descriptive writing style makes you feel like you can almost see, smell, and touch the people and sights in the town of Two Harbors as well as Hollywood.  She allows"
13748439,2025-08-12T11:27:59.526632+00:00,"This book is about a child Sam Palmer who goes to a world of giant walking bugs, to fulfill a prophecy he has never even heard of.  I think this is a great book.  The characters are extremly well developed and hilarious, especially Skipper"
50199793,2025-08-12T11:27:59.619962+00:00,"\\""By now, most people know that we're poised on the brink of a biological disaster that could rival anything in evolutionary history...what most gardeners don't realize is that, if current trends continue, a devastating number of the world"
12085670,2025-08-12T11:27:59.707491+00:00,"In XENIA RUIZ's soulful debut, two people are emotionally stripped and forced to lay down their baggage.  <br /> <br />EVA CLEMENTE is a dark-skinned Latina who is committed to God, her children-and celibacy, because after a bad marriage an"
21504155,2025-08-12T11:27:59.804379+00:00,"This was a fantastic book.  While I was pregnant, my husband and I would look forward to every Sunday morning when I would read the next chapter describing my baby's development that week.  At the beginning of my pregnancy, I used several b"
27835289,2025-08-12T11:27:59.890240+00:00,"[...]Jacobs does go off on tangents and seems awfully angry about automobiles and roads. BUT, she does make a good point. I am currently enrolled in an English class that uses this book as the whole theme for the course, so I do not think y"
49737710,2025-08-12T11:27:59.979390+00:00,"I like to consider myself an informed individual, especially when it comes to world paradigm-shifting concepts such as the globalization of free markets.  So you can imagine my delight when I came upon the latest book by Mr. Friedman purpor"
